{
    "RL Agent Total Return (%)": 158.9187893367912,
    "Buy & Hold Total Return (%)": 132.73741477731264
}