{
    "Initial Portfolio Value": 1.0,
    "Final Portfolio Value": 2.589187893367912,
    "Total Return (%)": 158.9187893367912,
    "Avg Daily Rewards": 0.001816795440390706,
    "Win Rate (%)": 33.82663847780127
}