{
    "RL Agent Total Return (%)": 51.85741506436192,
    "Buy & Hold Total Return (%)": 124.1452986409747
}