{
    "Initial Portfolio Value": 1.0,
    "Final Portfolio Value": 1.5185741506436192,
    "Total Return (%)": 51.85741506436192,
    "Avg Daily Rewards": 0.001170822884887457,
    "Win Rate (%)": 28.104575163398692
}